PRAGMA foreign_keys=OFF;
BEGIN TRANSACTION;
CREATE TABLE IF NOT EXISTS "django_migrations" ("id" integer NOT NULL PRIMARY KEY AUTOINCREMENT, "app" varchar(255) NOT NULL, "name" varchar(255) NOT NULL, "applied" datetime NOT NULL);
INSERT INTO django_migrations VALUES(1,'contenttypes','0001_initial','2024-08-14 15:46:45.051793');
INSERT INTO django_migrations VALUES(2,'auth','0001_initial','2024-08-14 15:46:45.063803');
INSERT INTO django_migrations VALUES(3,'admin','0001_initial','2024-08-14 15:46:45.072811');
INSERT INTO django_migrations VALUES(4,'admin','0002_logentry_remove_auto_add','2024-08-14 15:46:45.080819');
INSERT INTO django_migrations VALUES(5,'admin','0003_logentry_add_action_flag_choices','2024-08-14 15:46:45.085823');
INSERT INTO django_migrations VALUES(6,'contenttypes','0002_remove_content_type_name','2024-08-14 15:46:45.097834');
INSERT INTO django_migrations VALUES(7,'auth','0002_alter_permission_name_max_length','2024-08-14 15:46:45.104843');
INSERT INTO django_migrations VALUES(8,'auth','0003_alter_user_email_max_length','2024-08-14 15:46:45.112849');
INSERT INTO django_migrations VALUES(9,'auth','0004_alter_user_username_opts','2024-08-14 15:46:45.124364');
INSERT INTO django_migrations VALUES(10,'auth','0005_alter_user_last_login_null','2024-08-14 15:46:45.133373');
INSERT INTO django_migrations VALUES(11,'auth','0006_require_contenttypes_0002','2024-08-14 15:46:45.137375');
INSERT INTO django_migrations VALUES(12,'auth','0007_alter_validators_add_error_messages','2024-08-14 15:46:45.144382');
INSERT INTO django_migrations VALUES(13,'auth','0008_alter_user_username_max_length','2024-08-14 15:46:45.152389');
INSERT INTO django_migrations VALUES(14,'auth','0009_alter_user_last_name_max_length','2024-08-14 15:46:45.160397');
INSERT INTO django_migrations VALUES(15,'auth','0010_alter_group_name_max_length','2024-08-14 15:46:45.169406');
INSERT INTO django_migrations VALUES(16,'auth','0011_update_proxy_permissions','2024-08-14 15:46:45.174410');
INSERT INTO django_migrations VALUES(17,'auth','0012_alter_user_first_name_max_length','2024-08-14 15:46:45.182417');
INSERT INTO django_migrations VALUES(18,'portfolio','0001_initial','2024-08-14 15:46:45.200433');
INSERT INTO django_migrations VALUES(19,'sessions','0001_initial','2024-08-14 15:46:45.206441');
INSERT INTO django_migrations VALUES(20,'portfolio','0002_alter_designprocessstep_order','2024-08-14 15:48:03.683108');
INSERT INTO django_migrations VALUES(21,'portfolio','0003_page','2024-08-15 16:22:18.333112');
INSERT INTO django_migrations VALUES(22,'portfolio','0003_page_imagelayer_textlayer_videolayer','2024-08-15 16:29:24.824947');
INSERT INTO django_migrations VALUES(23,'portfolio','0004_textlayer_title','2024-08-15 17:48:59.401225');
INSERT INTO django_migrations VALUES(24,'portfolio','0005_alter_imagelayer_order_alter_textlayer_order_and_more','2024-08-16 14:07:31.499443');
INSERT INTO django_migrations VALUES(25,'portfolio','0006_imagelayer_text_imagelayer_title','2024-08-19 14:33:28.781914');
INSERT INTO django_migrations VALUES(26,'portfolio','0007_imagelayer_link','2024-08-19 14:50:48.914411');
INSERT INTO django_migrations VALUES(27,'portfolio','0008_alter_imagelayer_options_remove_imagelayer_link_and_more','2024-08-20 15:12:00.318640');
INSERT INTO django_migrations VALUES(28,'portfolio','0009_imagelayerlink_title','2024-08-20 15:26:37.970491');
INSERT INTO django_migrations VALUES(29,'portfolio','0010_alter_imagelayer_options_imagelayer_order','2024-08-20 16:02:14.309738');
CREATE TABLE IF NOT EXISTS "auth_group_permissions" ("id" integer NOT NULL PRIMARY KEY AUTOINCREMENT, "group_id" integer NOT NULL REFERENCES "auth_group" ("id") DEFERRABLE INITIALLY DEFERRED, "permission_id" integer NOT NULL REFERENCES "auth_permission" ("id") DEFERRABLE INITIALLY DEFERRED);
CREATE TABLE IF NOT EXISTS "auth_user_groups" ("id" integer NOT NULL PRIMARY KEY AUTOINCREMENT, "user_id" integer NOT NULL REFERENCES "auth_user" ("id") DEFERRABLE INITIALLY DEFERRED, "group_id" integer NOT NULL REFERENCES "auth_group" ("id") DEFERRABLE INITIALLY DEFERRED);
CREATE TABLE IF NOT EXISTS "auth_user_user_permissions" ("id" integer NOT NULL PRIMARY KEY AUTOINCREMENT, "user_id" integer NOT NULL REFERENCES "auth_user" ("id") DEFERRABLE INITIALLY DEFERRED, "permission_id" integer NOT NULL REFERENCES "auth_permission" ("id") DEFERRABLE INITIALLY DEFERRED);
CREATE TABLE IF NOT EXISTS "django_admin_log" ("id" integer NOT NULL PRIMARY KEY AUTOINCREMENT, "object_id" text NULL, "object_repr" varchar(200) NOT NULL, "action_flag" smallint unsigned NOT NULL CHECK ("action_flag" >= 0), "change_message" text NOT NULL, "content_type_id" integer NULL REFERENCES "django_content_type" ("id") DEFERRABLE INITIALLY DEFERRED, "user_id" integer NOT NULL REFERENCES "auth_user" ("id") DEFERRABLE INITIALLY DEFERRED, "action_time" datetime NOT NULL);
INSERT INTO django_admin_log VALUES(1,'1','Define Problem',1,'[{"added": {}}]',8,1,'2024-08-14 15:49:02.265433');
INSERT INTO django_admin_log VALUES(2,'1','UCEA Website Redesign',1,'[{"added": {}}]',9,1,'2024-08-14 15:49:29.155201');
INSERT INTO django_admin_log VALUES(3,'1','# UX Research',1,'[{"added": {}}]',10,1,'2024-08-14 15:49:35.812849');
INSERT INTO django_admin_log VALUES(4,'2','# UX Design',1,'[{"added": {}}]',10,1,'2024-08-14 15:49:40.793213');
INSERT INTO django_admin_log VALUES(5,'3','# Website Development',1,'[{"added": {}}]',10,1,'2024-08-14 15:49:44.517822');
INSERT INTO django_admin_log VALUES(6,'1','Brief for UCEA Website Redesign',1,'[{"added": {}}]',13,1,'2024-08-14 15:50:05.134298');
INSERT INTO django_admin_log VALUES(7,'1','Showcase for UCEA Website Redesign',1,'[{"added": {}}]',12,1,'2024-08-14 15:50:25.935745');
INSERT INTO django_admin_log VALUES(8,'2','G',1,'[{"added": {}}]',8,1,'2024-08-14 15:51:15.637660');
INSERT INTO django_admin_log VALUES(9,'2','Gather Data',2,'[{"changed": {"fields": ["Name"]}}]',8,1,'2024-08-14 15:51:27.430431');
INSERT INTO django_admin_log VALUES(10,'3','Brainstorm Solution',1,'[{"added": {}}]',8,1,'2024-08-14 15:51:42.292196');
INSERT INTO django_admin_log VALUES(11,'4','Prototype',1,'[{"added": {}}]',8,1,'2024-08-14 15:51:55.321367');
INSERT INTO django_admin_log VALUES(12,'5','Develop',1,'[{"added": {}}]',8,1,'2024-08-14 15:52:00.354401');
INSERT INTO django_admin_log VALUES(13,'6','Analyze Concept',1,'[{"added": {}}]',8,1,'2024-08-14 15:52:17.976785');
INSERT INTO django_admin_log VALUES(14,'7','Construct IA',1,'[{"added": {}}]',8,1,'2024-08-14 15:52:37.905116');
INSERT INTO django_admin_log VALUES(15,'1','Process for UCEA Website Redesign',1,'[{"added": {}}, {"added": {"name": "design process step", "object": "1: Define Problem in UCEA Website Redesign"}}]',7,1,'2024-08-14 15:53:32.001644');
INSERT INTO django_admin_log VALUES(16,'1','Process for UCEA Website Redesign',2,'[{"added": {"name": "design process step", "object": "2: Gather Data in UCEA Website Redesign"}}, {"added": {"name": "design process step", "object": "3: Construct IA in UCEA Website Redesign"}}, {"added": {"name": "design process step", "object": "4: Prototype in UCEA Website Redesign"}}, {"added": {"name": "design process step", "object": "4: Develop in UCEA Website Redesign"}}]',7,1,'2024-08-14 15:55:13.132075');
INSERT INTO django_admin_log VALUES(17,'1','Process for UCEA Website Redesign',2,'[{"changed": {"name": "design process step", "object": "5: Develop in UCEA Website Redesign", "fields": ["Order"]}}]',7,1,'2024-08-14 15:55:20.374825');
INSERT INTO django_admin_log VALUES(18,'1','Process for UCEA Website Redesign',2,'[]',7,1,'2024-08-14 15:55:26.032971');
INSERT INTO django_admin_log VALUES(19,'1','Process for UCEA Website Redesign',2,'[]',7,1,'2024-08-14 16:28:56.590270');
INSERT INTO django_admin_log VALUES(20,'1','Process for UCEA Website Redesign',2,'[]',7,1,'2024-08-14 16:28:59.316429');
INSERT INTO django_admin_log VALUES(21,'1','Process for UCEA Website Redesign',2,'[]',7,1,'2024-08-14 16:33:27.703905');
INSERT INTO django_admin_log VALUES(22,'1','Process for UCEA Website Redesign',2,'[{"added": {"name": "design process step", "object": "6: Analyze Concept in UCEA Website Redesign"}}]',7,1,'2024-08-15 17:06:24.969542');
INSERT INTO django_admin_log VALUES(23,'1','Process for UCEA Website Redesign',2,'[{"deleted": {"name": "design process step", "object": "4: Analyze Concept in UCEA Website Redesign"}}]',7,1,'2024-08-15 17:44:34.459926');
INSERT INTO django_admin_log VALUES(24,'1','Define Problems',1,'[{"added": {}}, {"added": {"name": "text layer", "object": "TextLayer object (1)"}}]',14,1,'2024-08-16 14:27:14.639750');
INSERT INTO django_admin_log VALUES(25,'1','Define Problems',2,'[{"added": {"name": "text layer", "object": "TextLayer object (2)"}}, {"added": {"name": "text layer", "object": "TextLayer object (3)"}}, {"added": {"name": "text layer", "object": "TextLayer object (4)"}}]',14,1,'2024-08-16 14:28:29.221182');
INSERT INTO django_admin_log VALUES(26,'2','Gather Data',1,'[{"added": {}}, {"added": {"name": "text layer", "object": "TextLayer object (5)"}}]',14,1,'2024-08-16 16:46:56.670827');
INSERT INTO django_admin_log VALUES(27,'2','Gather Data',3,'',14,1,'2024-08-16 16:47:25.135423');
INSERT INTO django_admin_log VALUES(28,'3','Gather Data',1,'[{"added": {}}, {"added": {"name": "text layer", "object": "TextLayer object (6)"}}]',14,1,'2024-08-16 17:41:56.000680');
INSERT INTO django_admin_log VALUES(29,'3','Gather Data',2,'[{"deleted": {"name": "text layer", "object": "TextLayer object (None)"}}]',14,1,'2024-08-16 18:01:06.811987');
INSERT INTO django_admin_log VALUES(30,'3','Gather Data',2,'[{"added": {"name": "text layer", "object": "TextLayer object (7)"}}, {"added": {"name": "text layer", "object": "TextLayer object (8)"}}, {"added": {"name": "text layer", "object": "TextLayer object (9)"}}, {"added": {"name": "image layer", "object": "ImageLayer object (1)"}}, {"added": {"name": "image layer", "object": "ImageLayer object (2)"}}, {"added": {"name": "image layer", "object": "ImageLayer object (3)"}}]',14,1,'2024-08-16 18:12:53.856946');
INSERT INTO django_admin_log VALUES(31,'3','Gather Data',2,'[{"added": {"name": "text layer", "object": "TextLayer object (10)"}}, {"added": {"name": "text layer", "object": "TextLayer object (11)"}}, {"added": {"name": "image layer", "object": "ImageLayer object (4)"}}, {"added": {"name": "image layer", "object": "ImageLayer object (5)"}}]',14,1,'2024-08-17 03:14:09.783065');
INSERT INTO django_admin_log VALUES(32,'3','Gather Data',2,'[{"deleted": {"name": "text layer", "object": "TextLayer object (None)"}}, {"changed": {"name": "image layer", "object": "ImageLayer object (4)", "fields": ["Image"]}}, {"deleted": {"name": "image layer", "object": "ImageLayer object (None)"}}]',14,1,'2024-08-17 03:15:13.773066');
INSERT INTO django_admin_log VALUES(33,'3','Gather Data',2,'[{"added": {"name": "text layer", "object": "TextLayer object (12)"}}, {"added": {"name": "image layer", "object": "ImageLayer object (6)"}}]',14,1,'2024-08-17 03:15:45.697996');
INSERT INTO django_admin_log VALUES(34,'3','Gather Data',2,'[{"deleted": {"name": "text layer", "object": "TextLayer object (None)"}}, {"deleted": {"name": "text layer", "object": "TextLayer object (None)"}}, {"deleted": {"name": "image layer", "object": "ImageLayer object (None)"}}, {"deleted": {"name": "image layer", "object": "ImageLayer object (None)"}}]',14,1,'2024-08-17 16:25:18.935070');
INSERT INTO django_admin_log VALUES(35,'3','Gather Data',2,'[{"changed": {"name": "text layer", "object": "TextLayer object (7)", "fields": ["Text"]}}, {"changed": {"name": "text layer", "object": "TextLayer object (8)", "fields": ["Text"]}}]',14,1,'2024-08-17 16:40:58.037173');
INSERT INTO django_admin_log VALUES(36,'4','Construct IA',1,'[{"added": {}}, {"added": {"name": "text layer", "object": "TextLayer object (13)"}}, {"added": {"name": "text layer", "object": "TextLayer object (14)"}}, {"added": {"name": "image layer", "object": "ImageLayer object (7)"}}, {"added": {"name": "image layer", "object": "ImageLayer object (8)"}}]',14,1,'2024-08-18 18:05:55.843187');
INSERT INTO django_admin_log VALUES(37,'5','Prototype',1,'[{"added": {}}, {"added": {"name": "image layer", "object": "ImageLayer object (9)"}}, {"added": {"name": "image layer", "object": "ImageLayer object (10)"}}]',14,1,'2024-08-19 15:12:14.964445');
INSERT INTO django_admin_log VALUES(38,'5','Prototype',2,'[{"added": {"name": "text layer", "object": "TextLayer object (15)"}}]',14,1,'2024-08-19 15:14:04.624403');
INSERT INTO django_admin_log VALUES(39,'5','Prototype',2,'[{"deleted": {"name": "text layer", "object": "TextLayer object (None)"}}]',14,1,'2024-08-19 15:14:29.141248');
INSERT INTO django_admin_log VALUES(40,'5','Prototype',2,'[{"changed": {"name": "image layer", "object": "ImageLayer object (10)", "fields": ["Text"]}}]',14,1,'2024-08-19 17:23:03.121483');
INSERT INTO django_admin_log VALUES(41,'5','Prototype',2,'[{"changed": {"name": "image layer", "object": "ImageLayer object (10)", "fields": ["Text"]}}]',14,1,'2024-08-19 17:24:07.179642');
INSERT INTO django_admin_log VALUES(42,'5','Prototype',2,'[{"changed": {"name": "image layer", "object": "ImageLayer object (9)", "fields": ["Text"]}}]',14,1,'2024-08-19 17:27:20.174066');
INSERT INTO django_admin_log VALUES(43,'5','Prototype',2,'[{"changed": {"name": "image layer", "object": "ImageLayer object (9)", "fields": ["Text"]}}]',14,1,'2024-08-19 17:29:32.433815');
INSERT INTO django_admin_log VALUES(44,'6','Development',1,'[{"added": {}}, {"added": {"name": "text layer", "object": "TextLayer object (16)"}}, {"added": {"name": "text layer", "object": "TextLayer object (17)"}}, {"added": {"name": "image layer", "object": "ImageLayer object (11)"}}]',14,1,'2024-08-19 18:31:07.640712');
INSERT INTO django_admin_log VALUES(45,'6','Development',2,'[{"changed": {"name": "image layer", "object": "ImageLayer object (11)", "fields": ["Image"]}}]',14,1,'2024-08-19 18:34:09.265706');
INSERT INTO django_admin_log VALUES(46,'6','Development',2,'[{"changed": {"name": "text layer", "object": "TextLayer object (16)", "fields": ["Title"]}}, {"changed": {"name": "image layer", "object": "ImageLayer object (11)", "fields": ["Title"]}}]',14,1,'2024-08-19 18:38:38.850688');
INSERT INTO django_admin_log VALUES(47,'6','Development',2,'[{"added": {"name": "text layer", "object": "TextLayer object (18)"}}, {"changed": {"name": "text layer", "object": "TextLayer object (16)", "fields": ["Title", "Text"]}}, {"changed": {"name": "text layer", "object": "TextLayer object (17)", "fields": ["Title", "Text"]}}, {"changed": {"name": "image layer", "object": "ImageLayer object (11)", "fields": ["Text"]}}]',14,1,'2024-08-19 19:05:24.587770');
INSERT INTO django_admin_log VALUES(48,'6','Development',2,'[{"added": {"name": "text layer", "object": "TextLayer object (19)"}}]',14,1,'2024-08-19 19:12:33.182850');
INSERT INTO django_admin_log VALUES(49,'11','Example',2,'[{"changed": {"fields": ["Text"]}}, {"added": {"name": "image layer link", "object": "Link ''Current Website'' for Example"}}, {"added": {"name": "image layer link", "object": "Link ''Migrate from Memberleap'' for Example"}}, {"added": {"name": "image layer link", "object": "Link ''Previous Website'' for Example"}}]',17,1,'2024-08-20 15:40:11.792199');
INSERT INTO django_admin_log VALUES(50,'6','Development',2,'[{"added": {"name": "image layer", "object": "Example"}}]',14,1,'2024-08-20 19:01:24.440555');
INSERT INTO django_admin_log VALUES(51,'6','Development',2,'[{"added": {"name": "image layer", "object": "Example"}}]',14,1,'2024-08-20 19:11:08.421304');
INSERT INTO django_admin_log VALUES(52,'6','Development',2,'[{"changed": {"name": "image layer", "object": "Example", "fields": ["Order"]}}, {"changed": {"name": "image layer", "object": "Example", "fields": ["Order"]}}]',14,1,'2024-08-21 14:04:54.090887');
INSERT INTO django_admin_log VALUES(53,'12','Example',2,'[{"added": {"name": "image layer link", "object": "Link ''Current Website'' for Example"}}, {"added": {"name": "image layer link", "object": "Link ''Migrate from Memberleap'' for Example"}}, {"added": {"name": "image layer link", "object": "Link ''Previous Website'' for Example"}}]',17,1,'2024-08-21 14:19:49.518132');
INSERT INTO django_admin_log VALUES(54,'10','Hi-fi Prototype',2,'[{"added": {"name": "image layer link", "object": "Link ''Link'' for Hi-fi Prototype"}}]',17,1,'2024-08-21 14:40:11.099745');
INSERT INTO django_admin_log VALUES(55,'6','Development',2,'[{"changed": {"name": "text layer", "object": "TextLayer object (16)", "fields": ["Order"]}}, {"changed": {"name": "text layer", "object": "TextLayer object (17)", "fields": ["Order"]}}, {"changed": {"name": "text layer", "object": "TextLayer object (18)", "fields": ["Order"]}}]',14,1,'2024-08-21 14:48:00.210776');
INSERT INTO django_admin_log VALUES(56,'6','Development',2,'[{"added": {"name": "image layer", "object": "Example"}}]',14,1,'2024-08-26 19:38:11.302444');
INSERT INTO django_admin_log VALUES(57,'6','Development',2,'[{"changed": {"name": "image layer", "object": "Example", "fields": ["Image", "Text"]}}]',14,1,'2024-08-26 19:41:43.805179');
INSERT INTO django_admin_log VALUES(58,'13','Example',2,'[{"added": {"name": "image layer link", "object": "Link ''Current Website'' for Example"}}, {"added": {"name": "image layer link", "object": "Link ''Previous Website'' for Example"}}]',17,1,'2024-08-26 19:45:03.995209');
INSERT INTO django_admin_log VALUES(59,'14','Example',2,'[{"added": {"name": "image layer link", "object": "Link ''Current Status'' for Example"}}]',17,1,'2024-08-26 19:45:21.474490');
INSERT INTO django_admin_log VALUES(60,'2','iCademify',1,'[{"added": {}}]',9,1,'2024-09-03 18:18:56.381259');
INSERT INTO django_admin_log VALUES(61,'2','Brief for iCademify',1,'[{"added": {}}]',13,1,'2024-09-03 18:22:50.855043');
INSERT INTO django_admin_log VALUES(62,'7','123',1,'[{"added": {}}, {"added": {"name": "text layer", "object": "TextLayer object (20)"}}]',14,1,'2024-09-04 15:27:46.298416');
CREATE TABLE IF NOT EXISTS "django_content_type" ("id" integer NOT NULL PRIMARY KEY AUTOINCREMENT, "app_label" varchar(100) NOT NULL, "model" varchar(100) NOT NULL);
INSERT INTO django_content_type VALUES(1,'admin','logentry');
INSERT INTO django_content_type VALUES(2,'auth','permission');
INSERT INTO django_content_type VALUES(3,'auth','group');
INSERT INTO django_content_type VALUES(4,'auth','user');
INSERT INTO django_content_type VALUES(5,'contenttypes','contenttype');
INSERT INTO django_content_type VALUES(6,'sessions','session');
INSERT INTO django_content_type VALUES(7,'portfolio','designprocess');
INSERT INTO django_content_type VALUES(8,'portfolio','processstep');
INSERT INTO django_content_type VALUES(9,'portfolio','project');
INSERT INTO django_content_type VALUES(10,'portfolio','tag');
INSERT INTO django_content_type VALUES(11,'portfolio','designprocessstep');
INSERT INTO django_content_type VALUES(12,'portfolio','showcase');
INSERT INTO django_content_type VALUES(13,'portfolio','projectbrief');
INSERT INTO django_content_type VALUES(14,'portfolio','page');
INSERT INTO django_content_type VALUES(15,'portfolio','textlayer');
INSERT INTO django_content_type VALUES(16,'portfolio','videolayer');
INSERT INTO django_content_type VALUES(17,'portfolio','imagelayer');
INSERT INTO django_content_type VALUES(18,'portfolio','imagelayerlink');
CREATE TABLE IF NOT EXISTS "auth_permission" ("id" integer NOT NULL PRIMARY KEY AUTOINCREMENT, "content_type_id" integer NOT NULL REFERENCES "django_content_type" ("id") DEFERRABLE INITIALLY DEFERRED, "codename" varchar(100) NOT NULL, "name" varchar(255) NOT NULL);
INSERT INTO auth_permission VALUES(1,1,'add_logentry','Can add log entry');
INSERT INTO auth_permission VALUES(2,1,'change_logentry','Can change log entry');
INSERT INTO auth_permission VALUES(3,1,'delete_logentry','Can delete log entry');
INSERT INTO auth_permission VALUES(4,1,'view_logentry','Can view log entry');
INSERT INTO auth_permission VALUES(5,2,'add_permission','Can add permission');
INSERT INTO auth_permission VALUES(6,2,'change_permission','Can change permission');
INSERT INTO auth_permission VALUES(7,2,'delete_permission','Can delete permission');
INSERT INTO auth_permission VALUES(8,2,'view_permission','Can view permission');
INSERT INTO auth_permission VALUES(9,3,'add_group','Can add group');
INSERT INTO auth_permission VALUES(10,3,'change_group','Can change group');
INSERT INTO auth_permission VALUES(11,3,'delete_group','Can delete group');
INSERT INTO auth_permission VALUES(12,3,'view_group','Can view group');
INSERT INTO auth_permission VALUES(13,4,'add_user','Can add user');
INSERT INTO auth_permission VALUES(14,4,'change_user','Can change user');
INSERT INTO auth_permission VALUES(15,4,'delete_user','Can delete user');
INSERT INTO auth_permission VALUES(16,4,'view_user','Can view user');
INSERT INTO auth_permission VALUES(17,5,'add_contenttype','Can add content type');
INSERT INTO auth_permission VALUES(18,5,'change_contenttype','Can change content type');
INSERT INTO auth_permission VALUES(19,5,'delete_contenttype','Can delete content type');
INSERT INTO auth_permission VALUES(20,5,'view_contenttype','Can view content type');
INSERT INTO auth_permission VALUES(21,6,'add_session','Can add session');
INSERT INTO auth_permission VALUES(22,6,'change_session','Can change session');
INSERT INTO auth_permission VALUES(23,6,'delete_session','Can delete session');
INSERT INTO auth_permission VALUES(24,6,'view_session','Can view session');
INSERT INTO auth_permission VALUES(25,7,'add_designprocess','Can add design process');
INSERT INTO auth_permission VALUES(26,7,'change_designprocess','Can change design process');
INSERT INTO auth_permission VALUES(27,7,'delete_designprocess','Can delete design process');
INSERT INTO auth_permission VALUES(28,7,'view_designprocess','Can view design process');
INSERT INTO auth_permission VALUES(29,8,'add_processstep','Can add process step');
INSERT INTO auth_permission VALUES(30,8,'change_processstep','Can change process step');
INSERT INTO auth_permission VALUES(31,8,'delete_processstep','Can delete process step');
INSERT INTO auth_permission VALUES(32,8,'view_processstep','Can view process step');
INSERT INTO auth_permission VALUES(33,9,'add_project','Can add project');
INSERT INTO auth_permission VALUES(34,9,'change_project','Can change project');
INSERT INTO auth_permission VALUES(35,9,'delete_project','Can delete project');
INSERT INTO auth_permission VALUES(36,9,'view_project','Can view project');
INSERT INTO auth_permission VALUES(37,10,'add_tag','Can add tag');
INSERT INTO auth_permission VALUES(38,10,'change_tag','Can change tag');
INSERT INTO auth_permission VALUES(39,10,'delete_tag','Can delete tag');
INSERT INTO auth_permission VALUES(40,10,'view_tag','Can view tag');
INSERT INTO auth_permission VALUES(41,11,'add_designprocessstep','Can add design process step');
INSERT INTO auth_permission VALUES(42,11,'change_designprocessstep','Can change design process step');
INSERT INTO auth_permission VALUES(43,11,'delete_designprocessstep','Can delete design process step');
INSERT INTO auth_permission VALUES(44,11,'view_designprocessstep','Can view design process step');
INSERT INTO auth_permission VALUES(45,12,'add_showcase','Can add showcase');
INSERT INTO auth_permission VALUES(46,12,'change_showcase','Can change showcase');
INSERT INTO auth_permission VALUES(47,12,'delete_showcase','Can delete showcase');
INSERT INTO auth_permission VALUES(48,12,'view_showcase','Can view showcase');
INSERT INTO auth_permission VALUES(49,13,'add_projectbrief','Can add project brief');
INSERT INTO auth_permission VALUES(50,13,'change_projectbrief','Can change project brief');
INSERT INTO auth_permission VALUES(51,13,'delete_projectbrief','Can delete project brief');
INSERT INTO auth_permission VALUES(52,13,'view_projectbrief','Can view project brief');
INSERT INTO auth_permission VALUES(53,14,'add_page','Can add page');
INSERT INTO auth_permission VALUES(54,14,'change_page','Can change page');
INSERT INTO auth_permission VALUES(55,14,'delete_page','Can delete page');
INSERT INTO auth_permission VALUES(56,14,'view_page','Can view page');
INSERT INTO auth_permission VALUES(57,15,'add_textlayer','Can add text layer');
INSERT INTO auth_permission VALUES(58,15,'change_textlayer','Can change text layer');
INSERT INTO auth_permission VALUES(59,15,'delete_textlayer','Can delete text layer');
INSERT INTO auth_permission VALUES(60,15,'view_textlayer','Can view text layer');
INSERT INTO auth_permission VALUES(61,16,'add_videolayer','Can add video layer');
INSERT INTO auth_permission VALUES(62,16,'change_videolayer','Can change video layer');
INSERT INTO auth_permission VALUES(63,16,'delete_videolayer','Can delete video layer');
INSERT INTO auth_permission VALUES(64,16,'view_videolayer','Can view video layer');
INSERT INTO auth_permission VALUES(65,17,'add_imagelayer','Can add image layer');
INSERT INTO auth_permission VALUES(66,17,'change_imagelayer','Can change image layer');
INSERT INTO auth_permission VALUES(67,17,'delete_imagelayer','Can delete image layer');
INSERT INTO auth_permission VALUES(68,17,'view_imagelayer','Can view image layer');
INSERT INTO auth_permission VALUES(69,18,'add_imagelayerlink','Can add image layer link');
INSERT INTO auth_permission VALUES(70,18,'change_imagelayerlink','Can change image layer link');
INSERT INTO auth_permission VALUES(71,18,'delete_imagelayerlink','Can delete image layer link');
INSERT INTO auth_permission VALUES(72,18,'view_imagelayerlink','Can view image layer link');
CREATE TABLE IF NOT EXISTS "auth_group" ("id" integer NOT NULL PRIMARY KEY AUTOINCREMENT, "name" varchar(150) NOT NULL UNIQUE);
CREATE TABLE IF NOT EXISTS "auth_user" ("id" integer NOT NULL PRIMARY KEY AUTOINCREMENT, "password" varchar(128) NOT NULL, "last_login" datetime NULL, "is_superuser" bool NOT NULL, "username" varchar(150) NOT NULL UNIQUE, "last_name" varchar(150) NOT NULL, "email" varchar(254) NOT NULL, "is_staff" bool NOT NULL, "is_active" bool NOT NULL, "date_joined" datetime NOT NULL, "first_name" varchar(150) NOT NULL);
INSERT INTO auth_user VALUES(1,'pbkdf2_sha256$720000$HJ4ItD1C7n5tD7hmJJ44zY$MfGRHZVSo0hU4HKaKKi/kD3DkrOy3FgUvvEtAot93y4=','2024-09-03 18:17:52.963657',1,'ru040708','','ru040708@gmail.com',1,1,'2024-08-14 15:47:28.318390','');
CREATE TABLE IF NOT EXISTS "portfolio_processstep" ("id" integer NOT NULL PRIMARY KEY AUTOINCREMENT, "name" varchar(100) NOT NULL);
INSERT INTO portfolio_processstep VALUES(1,'Define Problem');
INSERT INTO portfolio_processstep VALUES(2,'Gather Data');
INSERT INTO portfolio_processstep VALUES(3,'Brainstorm Solution');
INSERT INTO portfolio_processstep VALUES(4,'Prototype');
INSERT INTO portfolio_processstep VALUES(5,'Develop');
INSERT INTO portfolio_processstep VALUES(6,'Analyze Concept');
INSERT INTO portfolio_processstep VALUES(7,'Construct IA');
CREATE TABLE IF NOT EXISTS "portfolio_project" ("id" integer NOT NULL PRIMARY KEY AUTOINCREMENT, "title" varchar(100) NOT NULL, "description" text NOT NULL);
INSERT INTO portfolio_project VALUES(1,'UCEA Website Redesign','As a UX designer, I collaborated with the University Council for Educational Administration (UCEA) to redesign their website. Previously, UCEA engaged MemberLeap to revamp the site, but significant issues with the website''s infrastructure and content organization persisted. The project involved rebuilding the information architecture and designing an improved user experience, including layout and navigation, to create a more intuitive and user-friendly website. This initiative required leveraging UX design expertise to address complex challenges and deliver a solution that met the client''s needs. This project stands as a testament to delivering impactful UX design solutions.');
INSERT INTO portfolio_project VALUES(2,'iCademify','Enjoy your Academic Conference');
CREATE TABLE IF NOT EXISTS "portfolio_tag" ("id" integer NOT NULL PRIMARY KEY AUTOINCREMENT, "name" varchar(50) NOT NULL);
INSERT INTO portfolio_tag VALUES(1,'# UX Research');
INSERT INTO portfolio_tag VALUES(2,'# UX Design');
INSERT INTO portfolio_tag VALUES(3,'# Website Development');
CREATE TABLE IF NOT EXISTS "portfolio_designprocess" ("id" integer NOT NULL PRIMARY KEY AUTOINCREMENT, "project_id" bigint NOT NULL REFERENCES "portfolio_project" ("id") DEFERRABLE INITIALLY DEFERRED);
INSERT INTO portfolio_designprocess VALUES(1,1);
CREATE TABLE IF NOT EXISTS "portfolio_showcase" ("id" integer NOT NULL PRIMARY KEY AUTOINCREMENT, "image" varchar(100) NOT NULL, "link" varchar(200) NULL, "project_id" bigint NOT NULL REFERENCES "portfolio_project" ("id") DEFERRABLE INITIALLY DEFERRED);
INSERT INTO portfolio_showcase VALUES(1,'showcase_images/Frame_11_2_tzsiQJ9.png','https://www.ucea.org/',1);
CREATE TABLE IF NOT EXISTS "portfolio_projectbrief" ("id" integer NOT NULL PRIMARY KEY AUTOINCREMENT, "project_id" bigint NOT NULL REFERENCES "portfolio_project" ("id") DEFERRABLE INITIALLY DEFERRED);
INSERT INTO portfolio_projectbrief VALUES(1,1);
INSERT INTO portfolio_projectbrief VALUES(2,2);
CREATE TABLE IF NOT EXISTS "portfolio_projectbrief_tags" ("id" integer NOT NULL PRIMARY KEY AUTOINCREMENT, "projectbrief_id" bigint NOT NULL REFERENCES "portfolio_projectbrief" ("id") DEFERRABLE INITIALLY DEFERRED, "tag_id" bigint NOT NULL REFERENCES "portfolio_tag" ("id") DEFERRABLE INITIALLY DEFERRED);
INSERT INTO portfolio_projectbrief_tags VALUES(1,1,1);
INSERT INTO portfolio_projectbrief_tags VALUES(2,1,2);
INSERT INTO portfolio_projectbrief_tags VALUES(3,1,3);
INSERT INTO portfolio_projectbrief_tags VALUES(4,2,1);
INSERT INTO portfolio_projectbrief_tags VALUES(5,2,2);
CREATE TABLE IF NOT EXISTS "django_session" ("session_key" varchar(40) NOT NULL PRIMARY KEY, "session_data" text NOT NULL, "expire_date" datetime NOT NULL);
INSERT INTO django_session VALUES('2zhileiwmemle33icl9lx32qenxdfo68','.eJxVjDsOwjAQBe_iGln-rO0sJT1nsNY_HECOFCcV4u5gKQW0b2bei3nat-r3nlc_J3Zmkp1-t0DxkdsA6U7ttvC4tG2dAx8KP2jn1yXl5-Vw_w4q9TpqVNkZygbISEASACCUVEZbwlCsBAcZi00oCxnQX8-i1dMkXNQpKPb-ALwvNro:1seGDm:e0LEONFxvs3KGlwEW3vixl27MTa6NwCAISZX47jRhmE','2024-08-28 15:47:34.202123');
INSERT INTO django_session VALUES('l3x7rtuuafj02u2tlvqystwaz1dzn52w','.eJxVjDsOwjAQBe_iGln-rO0sJT1nsNY_HECOFCcV4u5gKQW0b2bei3nat-r3nlc_J3Zmkp1-t0DxkdsA6U7ttvC4tG2dAx8KP2jn1yXl5-Vw_w4q9TpqVNkZygbISEASACCUVEZbwlCsBAcZi00oCxnQX8-i1dMkXNQpKPb-ALwvNro:1sglwN:U3k1SwxELaQoBCFWzol2GTf5ncvCbO9QlspfufzyldQ','2024-09-04 14:03:59.614523');
INSERT INTO django_session VALUES('yosz7rk8b5s57qlrtmo4ovq2dgutgisq','.eJxVjDsOwjAQBe_iGln-rO0sJT1nsNY_HECOFCcV4u5gKQW0b2bei3nat-r3nlc_J3Zmkp1-t0DxkdsA6U7ttvC4tG2dAx8KP2jn1yXl5-Vw_w4q9TpqVNkZygbISEASACCUVEZbwlCsBAcZi00oCxnQX8-i1dMkXNQpKPb-ALwvNro:1sifPp:QUR6pVQOGRFR_8DEGhzmyHLhTI2dpTHPGzZ4UTD3P08','2024-09-09 19:30:13.989916');
INSERT INTO django_session VALUES('sg0nu4vo54ad6uyu7olp1c50i83vixek','.eJxVjDsOwjAQBe_iGln-rO0sJT1nsNY_HECOFCcV4u5gKQW0b2bei3nat-r3nlc_J3Zmkp1-t0DxkdsA6U7ttvC4tG2dAx8KP2jn1yXl5-Vw_w4q9TpqVNkZygbISEASACCUVEZbwlCsBAcZi00oCxnQX8-i1dMkXNQpKPb-ALwvNro:1slY6C:NygULS73MmXKfmUrbVWgffVZsWfQESy9wWRFpkmpnlI','2024-09-17 18:17:52.967661');
CREATE TABLE IF NOT EXISTS "portfolio_designprocessstep" ("id" integer NOT NULL PRIMARY KEY AUTOINCREMENT, "design_process_id" bigint NOT NULL REFERENCES "portfolio_designprocess" ("id") DEFERRABLE INITIALLY DEFERRED, "process_step_id" bigint NOT NULL REFERENCES "portfolio_processstep" ("id") DEFERRABLE INITIALLY DEFERRED, "order" integer NOT NULL);
INSERT INTO portfolio_designprocessstep VALUES(1,1,1,1);
INSERT INTO portfolio_designprocessstep VALUES(2,1,2,2);
INSERT INTO portfolio_designprocessstep VALUES(3,1,7,3);
INSERT INTO portfolio_designprocessstep VALUES(4,1,4,4);
INSERT INTO portfolio_designprocessstep VALUES(5,1,5,5);
CREATE TABLE IF NOT EXISTS "portfolio_page" ("id" integer NOT NULL PRIMARY KEY AUTOINCREMENT, "title" varchar(100) NOT NULL, "project_id" bigint NOT NULL REFERENCES "portfolio_project" ("id") DEFERRABLE INITIALLY DEFERRED);
INSERT INTO portfolio_page VALUES(1,'Define Problems',1);
INSERT INTO portfolio_page VALUES(3,'Gather Data',1);
INSERT INTO portfolio_page VALUES(4,'Construct IA',1);
INSERT INTO portfolio_page VALUES(5,'Prototype',1);
INSERT INTO portfolio_page VALUES(6,'Development',1);
INSERT INTO portfolio_page VALUES(7,'123',2);
CREATE TABLE IF NOT EXISTS "portfolio_imagelayer" ("id" integer NOT NULL PRIMARY KEY AUTOINCREMENT, "image" varchar(100) NOT NULL, "alt_text" varchar(255) NULL, "page_id" bigint NOT NULL REFERENCES "portfolio_page" ("id") DEFERRABLE INITIALLY DEFERRED, "text" text NULL, "title" varchar(50) NULL, "order" integer NULL);
INSERT INTO portfolio_imagelayer VALUES(1,'image_layers/343271281_531590912516678_91433456348223.webp',NULL,3,NULL,NULL,NULL);
INSERT INTO portfolio_imagelayer VALUES(2,'image_layers/download.webp',NULL,3,NULL,NULL,NULL);
INSERT INTO portfolio_imagelayer VALUES(3,'image_layers/FOCUS_PNG.webp',NULL,3,NULL,NULL,NULL);
INSERT INTO portfolio_imagelayer VALUES(7,'image_layers/UCEA_IA.png',NULL,4,NULL,NULL,NULL);
INSERT INTO portfolio_imagelayer VALUES(8,'image_layers/Hompage.png',NULL,4,NULL,NULL,NULL);
INSERT INTO portfolio_imagelayer VALUES(9,'image_layers/344594120_1884924645226652_4798109927983732470_n_edited.webp',NULL,5,'To collect early user feedback, a lo-fi cardboard prototype of the UCEA website was created, based on the IA. User testing provided valuable insights into structure, navigation flow, and content placement, guiding necessary improvements and adjustments.','Lo-fi Prototype',NULL);
INSERT INTO portfolio_imagelayer VALUES(10,'image_layers/test_PNG.webp',NULL,5,replace(replace('Once the basic layout was finalized, an HTML and CSS testing website was developed to collect feedback on the user experience from a broader audience. Following several iterations and tests to ensure the IA and website navigation were accessible, the foundational color scheme and layout were incorporated to support further development. \r\nThe follow link as an initial demo, with the remaining versions focused on localized testing.','\r',char(13)),'\n',char(10)),'Hi-fi Prototype',NULL);
INSERT INTO portfolio_imagelayer VALUES(11,'image_layers/Frame_1_3.png',NULL,6,'The shared sidebar was designed according to the IA, with the code placed on the landing page to ensure synchronization across all pages. Due to the lack of PHP modification permissions, JavaScript was utilized to implement the necessary functionality wherever possible.','Example',1);
INSERT INTO portfolio_imagelayer VALUES(12,'image_layers/Frame_4.png',NULL,6,'The homepage was rendered to utilize the full width of the page, making the most of the web provider''s built-in features to create a more dynamic, user-friendly design that enhances the overall user experience.','Example',0);
INSERT INTO portfolio_imagelayer VALUES(13,'image_layers/MacBook_Air_-_1_1.png',NULL,6,'The complex UCEA application content was improved and transformed into easy-to-understand flowcharts using Figma, increasing the membership application rate.','Example',2);
INSERT INTO portfolio_imagelayer VALUES(14,'image_layers/Frame_4_2.png',NULL,6,'Under developing: Eliminate the inefficient management of member data using Excel by building a backend system with Django, creating a member institution database, and rendering it on the website with different content displayed based on user permissions.','Example',3);
CREATE TABLE IF NOT EXISTS "portfolio_textlayer" ("id" integer NOT NULL PRIMARY KEY AUTOINCREMENT, "text" text NOT NULL, "page_id" bigint NOT NULL REFERENCES "portfolio_page" ("id") DEFERRABLE INITIALLY DEFERRED, "title" varchar(50) NULL, "order" integer NOT NULL);
INSERT INTO portfolio_textlayer VALUES(1,'The UCEA website will undergo a redesign to reduce the number of pages from 1000 to 60, focusing on eliminating outdated or redundant content. My role is to collaborate with the UCEA team to analyze, reorganize, and streamline the navigation for improved user experience. This approach will prioritize important content, making it more accessible and engaging for users.',1,'Reduce Pages',0);
INSERT INTO portfolio_textlayer VALUES(2,'The UCEA website has a complex and outdated IA due to platform shifts over time. My role is to redesign the IA with a user-centered approach, aligning it with the organization’s goals and optimizing for search engines. This will enhance navigation, improve user experience, and increase engagement through testing, feedback, and collaboration with the UCEA team.',1,'Construct IA',1);
INSERT INTO portfolio_textlayer VALUES(3,'MemberLeap (the network provider) only provides basic migration services, all interfaces need to be designed by the client. My task is to create high-end prototypes that meet UCEA users'' needs, ensuring smooth development in the next stages and enhancing user satisfaction.',1,'Prototype',2);
INSERT INTO portfolio_textlayer VALUES(4,'Since MemberLeap only provides a grid and text editor-based design interface, UCEA HQ wants the website to have more interactive design elements. Additionally, considering future involvement of non-coders in website management, my responsibility is to embed web syntax (including HTML, CSS, and JavaScript) that is easy to manage, simple to understand, yet capable of supporting interactive design.',1,'Develop Website',3);
INSERT INTO portfolio_textlayer VALUES(7,'Stakeholder analysis and interviews were conducted with UCEA members and key staff. Key stakeholder groups were identified, each with distinct roles, interests, and website requirements. This analysis provided a comprehensive understanding of the relationships between various roles and the website.',3,'Analyze Stakeholders',0);
INSERT INTO portfolio_textlayer VALUES(8,'A comprehensive website audit, using Google Analytics to analyze traffic patterns on the UCEA website, revealed that UCEA members, the intended audience, were primarily relying on email for information rather than using the website. This insight underscores the need to improve website accessibility and usability to enhance member engagement and reduce the workload on headquarters staff.',3,'Website Audit',1);
INSERT INTO portfolio_textlayer VALUES(9,'A focus group of five UCEA members identified key issues with the old website, including poor information architecture, untraceable actions, inaccessible information, and redundant content. These insights are crucial for guiding the redesign, improving user-friendliness, and encouraging more members to use the site for information and resources.',3,'Conduct Focus Group',2);
INSERT INTO portfolio_textlayer VALUES(13,'Contextual design theory was applied to analyze the UCEA website''s information architecture, creating tailored environments for different user groups. The proposed IA was visualized using Miro, a collaborative online platform, through user flow diagrams to better understand interactions and identify improvements. Miro''s features facilitated effective communication with the project team and stakeholders. These user flow diagrams became crucial tools, guiding decisions to ensure the redesigned IA meets the diverse needs of UCEA website users.',4,'Analyze Pages',0);
INSERT INTO portfolio_textlayer VALUES(14,'A tree testing tool was integrated to support the creation of a new IA for the UCEA website, based on the user flow analysis results from Miro. By presenting users with a simplified tree diagram of the site structure, this approach helps structure the IA without visual design influences. It provides valuable insights into how effectively the IA facilitates content access during the development phase.',4,'Construct New IA',1);
INSERT INTO portfolio_textlayer VALUES(16,'The complex content was simplified and updated by developing detailed flowcharts that map out the information structure. Repetitive content was carefully reviewed and consolidated into unified sections, streamlining the layout and improving overall clarity and accessibility. This process ensured that all redundant elements were merged efficiently, enhancing the user experience and making the content easier to navigate.',6,'Revamp Content',2);
INSERT INTO portfolio_textlayer VALUES(17,'In response to the client''s requirements, various visual effects and layout options were iteratively developed to refine the design. CSS and JavaScript were integrated to implement micro animations, adding subtle yet impactful motion elements that enhance user interaction. Contents were carefully designed to create a more dynamic and engaging experience, making the interface feel lively without overwhelming the overall design.',6,'Visual Design',0);
INSERT INTO portfolio_textlayer VALUES(18,'Despite the basic features provided by MemberLeap, efforts were made to maintain its backend while inserting custom code to enhance aesthetics and usability. Based on the established IA, carefully designed sub-sidebars were implemented. Additionally, a shared component library was created to ensure consistent updates across the design when changes are made, streamlining the development process and improving overall site cohesion.',6,'Dynamic Design',1);
INSERT INTO portfolio_textlayer VALUES(19,'A small backend system is being developed for UCEA member institutions, featuring a frontend search function. Static member institution data from an Excel file is being converted into a Django database, with a CRUD interface designed for easy management of the data. This system ensures streamlined administration and improved accessibility for users searching for member institution information.',6,'Future Implement',3);
INSERT INTO portfolio_textlayer VALUES(20,'123',7,'123',0);
CREATE TABLE IF NOT EXISTS "portfolio_videolayer" ("id" integer NOT NULL PRIMARY KEY AUTOINCREMENT, "video_url" varchar(200) NOT NULL, "page_id" bigint NOT NULL REFERENCES "portfolio_page" ("id") DEFERRABLE INITIALLY DEFERRED, "order" integer NOT NULL);
CREATE TABLE IF NOT EXISTS "portfolio_imagelayerlink" ("id" integer NOT NULL PRIMARY KEY AUTOINCREMENT, "url" varchar(200) NOT NULL, "description" varchar(255) NULL, "image_layer_id" bigint NOT NULL REFERENCES "portfolio_imagelayer" ("id") DEFERRABLE INITIALLY DEFERRED, "title" varchar(100) NULL);
INSERT INTO portfolio_imagelayerlink VALUES(1,'https://ucea.org/gsc.php',NULL,11,'Current Website');
INSERT INTO portfolio_imagelayerlink VALUES(2,'https://ucea.org/graduate_student_council.php',NULL,11,'Migrate from Memberleap');
INSERT INTO portfolio_imagelayerlink VALUES(3,'https://web.archive.org/web/20230927223950/http://www.ucea.org/grad-student-focus/graduate-student-council/',NULL,11,'Previous Website');
INSERT INTO portfolio_imagelayerlink VALUES(4,'https://ucea.org/',NULL,12,'Current Website');
INSERT INTO portfolio_imagelayerlink VALUES(5,'https://ucea.org/index_old.php',NULL,12,'Migrate from Memberleap');
INSERT INTO portfolio_imagelayerlink VALUES(6,'https://web.archive.org/web/20230927223950/http://www.ucea.org/',NULL,12,'Previous Website');
INSERT INTO portfolio_imagelayerlink VALUES(7,'https://fuminhsiao.github.io/ucea-prototype/index.html',NULL,10,'Link');
INSERT INTO portfolio_imagelayerlink VALUES(8,'https://www.ucea.org/apply_for_ucea_member.php',NULL,13,'Current Website');
INSERT INTO portfolio_imagelayerlink VALUES(9,'https://web.archive.org/web/20230906164903/http://www.ucea.org/2014/07/30/institutional-membership/',NULL,13,'Previous Website');
INSERT INTO portfolio_imagelayerlink VALUES(10,'https://www.ucea.org/member_directory.php',NULL,14,'Current Status');
DELETE FROM sqlite_sequence;
INSERT INTO sqlite_sequence VALUES('django_migrations',29);
INSERT INTO sqlite_sequence VALUES('django_admin_log',62);
INSERT INTO sqlite_sequence VALUES('django_content_type',18);
INSERT INTO sqlite_sequence VALUES('auth_permission',72);
INSERT INTO sqlite_sequence VALUES('auth_group',0);
INSERT INTO sqlite_sequence VALUES('auth_user',1);
INSERT INTO sqlite_sequence VALUES('portfolio_designprocess',1);
INSERT INTO sqlite_sequence VALUES('portfolio_designprocessstep',6);
INSERT INTO sqlite_sequence VALUES('portfolio_processstep',7);
INSERT INTO sqlite_sequence VALUES('portfolio_project',2);
INSERT INTO sqlite_sequence VALUES('portfolio_tag',3);
INSERT INTO sqlite_sequence VALUES('portfolio_projectbrief',2);
INSERT INTO sqlite_sequence VALUES('portfolio_projectbrief_tags',5);
INSERT INTO sqlite_sequence VALUES('portfolio_showcase',1);
INSERT INTO sqlite_sequence VALUES('portfolio_imagelayer',14);
INSERT INTO sqlite_sequence VALUES('portfolio_textlayer',20);
INSERT INTO sqlite_sequence VALUES('portfolio_videolayer',0);
INSERT INTO sqlite_sequence VALUES('portfolio_page',7);
INSERT INTO sqlite_sequence VALUES('portfolio_imagelayerlink',10);
CREATE UNIQUE INDEX "auth_group_permissions_group_id_permission_id_0cd325b0_uniq" ON "auth_group_permissions" ("group_id", "permission_id");
CREATE INDEX "auth_group_permissions_group_id_b120cbf9" ON "auth_group_permissions" ("group_id");
CREATE INDEX "auth_group_permissions_permission_id_84c5c92e" ON "auth_group_permissions" ("permission_id");
CREATE UNIQUE INDEX "auth_user_groups_user_id_group_id_94350c0c_uniq" ON "auth_user_groups" ("user_id", "group_id");
CREATE INDEX "auth_user_groups_user_id_6a12ed8b" ON "auth_user_groups" ("user_id");
CREATE INDEX "auth_user_groups_group_id_97559544" ON "auth_user_groups" ("group_id");
CREATE UNIQUE INDEX "auth_user_user_permissions_user_id_permission_id_14a6b632_uniq" ON "auth_user_user_permissions" ("user_id", "permission_id");
CREATE INDEX "auth_user_user_permissions_user_id_a95ead1b" ON "auth_user_user_permissions" ("user_id");
CREATE INDEX "auth_user_user_permissions_permission_id_1fbb5f2c" ON "auth_user_user_permissions" ("permission_id");
CREATE INDEX "django_admin_log_content_type_id_c4bce8eb" ON "django_admin_log" ("content_type_id");
CREATE INDEX "django_admin_log_user_id_c564eba6" ON "django_admin_log" ("user_id");
CREATE UNIQUE INDEX "django_content_type_app_label_model_76bd3d3b_uniq" ON "django_content_type" ("app_label", "model");
CREATE UNIQUE INDEX "auth_permission_content_type_id_codename_01ab375a_uniq" ON "auth_permission" ("content_type_id", "codename");
CREATE INDEX "auth_permission_content_type_id_2f476e4b" ON "auth_permission" ("content_type_id");
CREATE INDEX "portfolio_designprocess_project_id_9960af18" ON "portfolio_designprocess" ("project_id");
CREATE INDEX "portfolio_showcase_project_id_386f800e" ON "portfolio_showcase" ("project_id");
CREATE INDEX "portfolio_projectbrief_project_id_25014da9" ON "portfolio_projectbrief" ("project_id");
CREATE UNIQUE INDEX "portfolio_projectbrief_tags_projectbrief_id_tag_id_0e716369_uniq" ON "portfolio_projectbrief_tags" ("projectbrief_id", "tag_id");
CREATE INDEX "portfolio_projectbrief_tags_projectbrief_id_e3824ecd" ON "portfolio_projectbrief_tags" ("projectbrief_id");
CREATE INDEX "portfolio_projectbrief_tags_tag_id_2c76624d" ON "portfolio_projectbrief_tags" ("tag_id");
CREATE INDEX "django_session_expire_date_a5c62663" ON "django_session" ("expire_date");
CREATE INDEX "portfolio_designprocessstep_design_process_id_965048d7" ON "portfolio_designprocessstep" ("design_process_id");
CREATE INDEX "portfolio_designprocessstep_process_step_id_d443f79e" ON "portfolio_designprocessstep" ("process_step_id");
CREATE INDEX "portfolio_page_project_id_b8c71c5a" ON "portfolio_page" ("project_id");
CREATE INDEX "portfolio_imagelayer_page_id_deb3fa89" ON "portfolio_imagelayer" ("page_id");
CREATE INDEX "portfolio_textlayer_page_id_9f7889bb" ON "portfolio_textlayer" ("page_id");
CREATE INDEX "portfolio_videolayer_page_id_51521837" ON "portfolio_videolayer" ("page_id");
CREATE INDEX "portfolio_imagelayerlink_image_layer_id_2752e6b7" ON "portfolio_imagelayerlink" ("image_layer_id");
COMMIT;
